ID,Parent ID,Phase,Subphase,Workstream,Task,Description,Status,Priority,Owner,Planned Start,Planned End,Actual Start,Actual End,Effort (days),Percent Complete,Dependency IDs,Milestone,Validation Gate,Risk ID,Blocker,Hardware Required,Backend,Evidence / Report,Commit SHA,CI Run,CodeRabbit Status,Notes,Last Updated
1.1,,Phase 1,Init,Scaffold,Initial project scaffold + README,"Full codebase scaffold, project structure, initial README",DONE,CRITICAL,Team,2026-07-27,2026-07-31,2026-07-27,2026-07-31,3,100,,P1-M1,,,,Init,.planning/STATE.md,13d4bc2,7413236,PASS,Foundation,2026-08-25
1.2,1.1,Phase 1,Release,Prep,"v0.1.0 milestone prep — MIT, docs, cleanup","License, docs, cleanup",DONE,HIGH,Team,2026-07-31,2026-07-31,2026-07-31,2026-07-31,1,100,,P1-M1,,,,Release,docs/CHANGELOG.md,bf8109c,,PASS,,2026-08-25
1.3,1.1,Phase 1,ADRs,Architecture,"Scene graph, calibration, job system ADRs",9832db6 docs(adr),DONE,HIGH,Team,2026-07-31,2026-07-31,2026-07-31,2026-07-31,1,100,,P1-M1,,,,ADR,docs/ADR/,9832db6,,PASS,,2026-08-25
2.1,,Phase 2,Calibration,Framework,Camera capture + checkerboard framework,706dcf4 calibration capture,DONE,HIGH,Team,2026-07-31,2026-07-31,2026-07-31,2026-07-31,1,100,,P2-M1,,,,Capture,src/projectionai/calibration/camera_stages.py,706dcf4,,PASS,,2026-08-25
2.2,2.1,Phase 2,Editor,Overlay,Viewport calibration overlay,162c89d feat(editor) overlay,DONE,MEDIUM,Team,2026-07-31,2026-07-31,2026-07-31,2026-07-31,1,100,,P2-M1,,,,Overlay,src/projectionai/editor/calibration_overlay.py,162c89d,,PASS,,2026-08-25
2.3,,Phase 2,Domain,Models,"Project, scene, hardware, calibration domain models",Domain layer complete,DONE,HIGH,Team,2026-08-01,2026-08-08,2026-08-01,2026-08-08,5,100,,P2-M1,,,,Domain,src/projectionai/domain/,5eddff5,,PASS,,2026-08-25
3.1,,Phase 3,Hardware,Display,"Display topology, validation gates, output sessions",4b4bb26 hardware,DONE,HIGH,Team,2026-08-08,2026-08-08,2026-08-08,2026-08-08,1,100,,P3-M1,,,,Hardware,src/projectionai/hardware/,4b4bb26,,PASS,,2026-08-25
3.2,3.1,Phase 3,Calibration,Pipeline,Projector calibration pipeline + hardware validation,5eddff5 calibration pipeline,DONE,HIGH,Team,2026-08-08,2026-08-08,2026-08-08,2026-08-08,1,100,,P3-M1,,,,Pipeline,src/projectionai/calibration/,5eddff5,,PASS,,2026-08-25
3.3,,Phase 3,Editor,Viewport,Calibration overlay wire + managers,"e939c19, 28f6ce6",DONE,MEDIUM,Team,2026-08-08,2026-08-08,2026-08-08,2026-08-08,1,100,,P3-M1,,,,Editor,src/projectionai/editor/,e939c19,,PASS,,2026-08-25
3.4,,Phase 3,UI,Shell,"Application shell — panels, viewmodels, views",fa48cc7 ui shell,DONE,HIGH,Team,2026-08-08,2026-08-08,2026-08-08,2026-08-08,2,100,,P3-M1,,,,UI,src/projectionai/ui/,fa48cc7,,PASS,,2026-08-25
4.1,,Phase 4,Camera,Live Preview,Live camera preview + providers,cfe9ca2 feat(camera),DONE,CRITICAL,Team,2026-08-16,2026-08-16,2026-08-16,2026-08-16,1,100,,P4-M1,,,,Camera,src/projectionai/infrastructure/camera/,cfe9ca2,,PASS,,2026-08-25
4.2,4.1,Phase 4,App,Qt Loop,Drive Qt event loop with asyncio,"ca52b5a, 2911d4d",DONE,HIGH,Team,2026-08-16,2026-08-16,2026-08-16,2026-08-16,1,100,,P4-M1,,,,App,src/projectionai/app.py,ca52b5a,,PASS,,2026-08-25
4.3,,Phase 4,Output,Projector,Fullscreen projector output,c0c1582 feat(output),DONE,CRITICAL,Team,2026-08-16,2026-08-20,2026-08-16,2026-08-20,2,100,,P4-M1,,,,Output,src/projectionai/infrastructure/renderer/output_window.py,c0c1582,,PASS,,2026-08-25
4.4,4.3,Phase 4,Camera,Hardening,Harden live preview lifecycle,"28ee9cc, 608c16e",DONE,HIGH,Team,2026-08-19,2026-08-20,2026-08-19,2026-08-20,1,100,,P4-M1,,,,Camera,src/projectionai/managers/camera_manager.py,28ee9cc,,PASS,,2026-08-25
4.5,,Phase 4,Security,CI,AI review + gitleaks + coverage gate,"99685ec, 0fe00a3",DONE,HIGH,Team,2026-08-20,2026-08-20,2026-08-20,2026-08-20,1,100,,P4-M1,,,,Security,.github/workflows/,99685ec,,PASS,,2026-08-25
5.1,,Phase 5,Projection,Warp,Projection domain + warp pipeline,Domain projection.py + warp_mesh.py,DONE,HIGH,Team,2026-05-01,2026-05-10,2026-05-01,2026-05-10,5,100,,M-P5,,,,ModernGL,.planning/phases/5.5-warp-pipeline/REPORT.md,2049cec,,PASS,,2026-08-25
5.5,,Phase 5,Warp,CPU Engine,CPU warp engine reference,CpuWarpEngine + tests,DONE,HIGH,Team,2026-05-11,2026-05-15,,,,100,,M-P5,,,,CPU,,,,,2026-08-25
5.6,,Phase 5,Renderer,GPU,ModernGL ProjectionPass + output window,"ProjectionPass, GLOutputWindow",DONE,HIGH,Team,,,,,,100,,M-P5,,,,ModernGL,.planning/phases/5.6-renderer-integration/REPORT.md,,,2026-08-25
5.7,,Phase 5,Native,C++,C++ pybind11 warp engine,"_warp_engine_native, CMake",DONE,MEDIUM,Team,,,,,,100,,M-P5,,,,C++,,,,,2026-08-25
5.8,,Phase 5,Integration,Factory,WarpEngineFactory AUTO/CPU/NATIVE,Factory + 18 tests,DONE,HIGH,Team,,,,,,100,,M-P5,,,,Factory,,,,,2026-08-25
5.9,,Phase 5,Prod Integration,App,AppConfig + bootstrap + integration tests,"29 tests, no CPU round-trip",DONE,HIGH,Team,,,,,,100,,M-P5,,,,App,,,,,2026-08-25
5.10,,Phase 5,Performance,Bench,CPU vs C++ benchmark + calibration bridge,"92-114x speedup, 5.10 report",DONE,MEDIUM,Team,,,,,,100,,M-P5,,,,Bench,.planning/phases/5.10-performance-calibration-bridge/REPORT.md,,,2026-08-25
5.11,,Phase 5,Sign-off,Closure,Engineering sign-off + closure validation,"234 tests, 233 pass",DONE,HIGH,Team,2026-08-22,2026-08-23,2026-08-22,2026-08-23,2,100,,M-P5,,,,,.planning/phases/5.11-sign-off/REPORT.md,,,2026-08-25
6.1,5.11,Phase 6,Arch,Foundation,Calibration reconstruction architecture,Phase 6 foundation report,DONE,CRITICAL,Team,,,,,,100,,M-6.1,,,,Arch,,,,,2026-08-25
6.2,,Phase 6,Domain,Session,Canonical CalibrationResult + session lifecycle,13d4bc2 domain/calibration_session,DONE,CRITICAL,Team,,,,,,100,,M-6.2,,,,Domain,.planning/phases/6.2-calibration-session/REPORT.md,13d4bc2,,,2026-08-25
6.3,,Phase 6,Pattern,Engine,Gray-code pattern engine LRU32,PatternEngine deterministic,DONE,HIGH,Team,,,,,,100,,M-6.3,,,,Engine,.planning/phases/6.3-pattern-engine/REPORT.md,,,2026-08-25
6.4,,Phase 6,Capture,Sync,SynchronizedCaptureSession + vsync barrier,"sync.py warmup, drain",DONE,HIGH,Team,,,,,,100,,M-6.4,,,,Sync,.planning/phases/6.4-capture-sync/REPORT.md,,,2026-08-25
6.5,,Phase 6,Structured,Light,CorrespondenceMatcher + lit mask,"decode, gray_decode, 14+3 tests",DONE,HIGH,Team,,,,,,100,,M-6.5,,,,Matcher,.planning/phases/6.5-structured-light/REPORT.md,,,2026-08-25
6.6,,Phase 6,Recon,Backend,Reference/Native triangulation,"triangulate, project, factory",DONE,HIGH,Team,,,,,,100,,M-6.6,,,,Recon,.planning/phases/6.6-reconstruction/REPORT.md,,,2026-08-25
6.7,,Phase 6,Solver,Joint Zhang,Joint Zhang + solvePnP diversity guard,"21 tests, <2% fx/fy",DONE,HIGH,Team,,,,,,100,,M-6.7,,,,Solver,.planning/phases/6.7-calibration-solver/REPORT.md,,,2026-08-25
6.8,,Phase 6,WarpMesh,Calibration,calibration_to_warp_mesh canonical+legacy,WarpMesh 18 tests,DONE,HIGH,Team,,,,,,100,,M-6.8,,,,Warp,.planning/phases/6.8-calibration-to-warpmesh/REPORT.md,,,2026-08-25
6.9,,Phase 6,GPU,Hardware,GLOutputWindow + ProjectionPass HW validation,LG TV monitor-target override,CONDITIONAL,HIGH,Team,2026-08-23,2026-08-23,2026-08-23,2026-08-23,3,90,,M-6.9,H-02,R-01,LG TV,ModernGL,.planning/phases/6.9-gpu-production-integration/HARDWARE-VALIDATION.md,,CONDITIONAL,Monitor-target 40FPS,2026-08-25
6.10,,Phase 6,Physical,Deferral,Hardware deferral + optical closure,7 gates HARDWARE_PENDING,HARDWARE_PENDING,HIGH,Team,,,,,,60,,M-6.10,H-01,R-01,Camera+LG TV,HW,.planning/phases/6.10-calibration/HARDWARE-DEFERRED.md,,BLOCKED,Optical 0.00%,2026-08-25
6.11,,Phase 6,Replay,Deterministic,Deterministic replay v2 no synthetic,"replay.py v2, 7 tests",DONE,MEDIUM,Team,,,,,,100,,M-6.11,,,,Replay,.planning/phases/6.11-calibration-replay/REPORT.md,,,2026-08-25
6.12,,Phase 6,Sign-off,CI/QT,CodeRabbit revalidation + git checkpoint + CI Qt fix,"e98fa23, 34 tests, CI GREEN",DONE,CRITICAL,Team,2026-08-25,2026-08-25,2026-08-25,2026-08-25,4,100,,M-6.12,G-08,R-04,Xvfb,Qt,.planning/phases/6.12-sign-off/CI-QT-FIX-VERIFICATION.md,e98fa23,32886323109,PASS,Phase 6 baseline,2026-08-25
7.1,,Phase 7,Workflow,Orchestration,Calibration workflow orchestration,End-to-end operator flow,DONE,HIGH,Team,2026-08-28,2026-08-28,2026-08-28,2026-08-28,2,100,"7.2,7.3",M-7.0,,,,,Orchestration,,,,,2026-08-28
7.2,,Phase 7,Selection,UX,Camera/projector selection UX,Device picker + preview,DONE,HIGH,Team,2026-08-28,2026-08-28,2026-08-28,2026-08-28,1,100,,M-7.0,G-09,,Camera,UX,,,,,2026-08-28
7.3,,Phase 7,Surface,Setup,Surface setup workflow,"Matte wall, fill 30-70%",DONE,HIGH,Team,2026-08-28,2026-08-28,2026-08-28,2026-08-28,1,100,7.2,M-7.0,,,R-01,Surface,Setup,,,,,2026-08-28
7.4,,Phase 7,Progress,UI,Calibration progress UI,"Progress bar, stage, ETA",DONE,MEDIUM,TBD,TBD,TBD,TBD,TBD,0,7.1,M-7.0,,,,UI,,,,,2026-08-28
7.5,,Phase 7,Pattern,Integration,Pattern presentation integration,QTPatternPresentationTarget production path,DONE,HIGH,TBD,TBD,TBD,TBD,TBD,TBD,0,"7.2,7.4",M-7.0,G-10,,Projector,Pattern,.planning/phases/7.5-pattern-presentation/REPORT.md,,,29/29 tests 15-gate audit passed,2026-08-28
7.6,,Phase 7,Capture,Recovery,Capture state / recovery,"Retry, drain, timeout",DONE,MEDIUM,Team,2026-08-28,2026-08-28,2026-08-28,2026-08-28,1,100,7.5,M-7.0,,,,Recovery,,,,,2026-08-28
7.7,,Phase 7,Pipeline,Progress,Decode/reconstruction/solve progress,"Matcher, backend, solver",DONE,MEDIUM,Team,2026-08-28,2026-08-28,2026-08-28,2026-08-28,1,100,7.6,M-7.0,,,,Pipeline,,,,,2026-08-28
7.8,,Phase 7,Result,Review,Calibration result review,"K, pose, RMS, coverage",DONE,MEDIUM,Team,2026-08-28,2026-08-28,2026-08-28,2026-08-28,1,100,7.7,M-7.0,G-11,,,Review,,,,,2026-08-28
7.9,,Phase 7,Warp,Preview,Warp preview,WarpMesh overlay,DONE,HIGH,Team,2026-08-28,2026-08-28,2026-08-28,2026-08-28,1,100,7.8,M-7.0,,,,Preview,,,,,2026-08-28
7.10,,Phase 7,Persistence,Recall,Calibration persistence / recall,"SQLite, CalibrationHistory",DONE,HIGH,Team,2026-08-28,2026-08-28,2026-08-28,2026-08-28,1,100,7.8,M-7.0,,,,Persistence,,,,,2026-08-28
7.11,,Phase 7,Safety,Validation,Validation & safety workflow,"Validator, gates",DONE,CRITICAL,Team,2026-08-28,2026-08-28,2026-08-28,2026-08-28,1,100,7.10,M-7.0,G-11,R-01,,Safety,,,,,2026-08-28
7.12,,Phase 7,Production,Live,Production arm/live workflow,OutputManager arm/go_live,DONE,CRITICAL,Team,2026-08-28,2026-08-28,2026-08-28,2026-08-28,1,100,7.11,M-7.0,G-12,R-01,Live,Live,,,,,2026-08-28
7.13,,Phase 7,Runtime,Safety,Runtime Safety Watchdog,"Failed session, retry, watchdog",DONE,MEDIUM,Team,2026-08-28,2026-08-28,2026-08-28,2026-08-28,1,100,7.12,M-7.0,,,,Recovery,,,,,2026-08-28
7.14,,Phase 7,Diagnostics,UX,End-to-end production calibration integration,Integrate completed Phase 7 subsystems into coherent operator workflow,DONE,MEDIUM,Team,2026-08-30,2026-08-30,2026-08-30,2026-08-30,0,100,7.8,M-7.0,,,,Diagnostics,.planning/phases/7.14-end-to-end-integration/REPORT.md,,,,,2026-08-30
7.15,,Phase 7,Hardware,Validation,Hardware validation workflow,"7 gates, repeatability",IN_PROGRESS,CRITICAL,Team,2026-08-30,,2026-08-30,,0,7.11,M-7.0,H-01..07,R-01,HW,HW,.planning/phases/7.15-hardware-validation/REPORT.md,,,,,2026-08-30
7.16,,Phase 7,Sign-off,Closure,Phase 7 sign-off — Wave 1 software verification,Verification + reports,REVIEW,HIGH,Team,2026-08-30,2026-08-30,2026-08-30,,0,100,7.15,M-7.0,,,,Sign-off,.planning/phases/7.16-final-software-verification/REPORT.md,,,,,2026-08-30
AUDIT-1,,Post-Audit,Checkpoint,Validation,Post-review audit checkpoint,~100 findings 44 files 0 fixes,DONE,LOW,Team,2026-08-27,2026-08-27,2026-08-27,2026-08-27,0,100,,M-6.12,,,,N/A,.planning/project-management/POST-AUDIT-CHECKPOINT.md,,,PASS,All phases verified,2026-08-27
