Timestamp,Change ID,Date,Phase,Task ID,Change Type,Description,Previous State,New State,Impact,Files,Commit,CI,CodeRabbit,Evidence,Notes
2026-08-25 18:52,CH-001,2026-08-25,6.12,6.12,RELEASE,Phase 6 software baseline complete; CI green; Qt lifecycle fix committed,CI Build failure + Qt hang,CI GREEN,HIGH,34 tests,e98fa23,32886323109 PASS,PASS,CI-QT-FIX-VERIFICATION.md,Phase 6 baseline
2026-08-25 14:03,CH-002,2026-08-25,6.12,Build,FIX,Make native extensions optional for CI wheel build,Build FAIL,Build PASS,HIGH,setup.py,a6e44bc,32857171476 Build PASS,-,uv build pure wheel,Native optional
2026-08-27 00:00,CH-003,2026-08-27,All,Post-Audit,VALIDATION,Post-review audit checkpoint: ~100 findings across 44 files verified,0 unresolved,N/A,LOW,N/A,N/A,N/A,N/A,POST-AUDIT-CHECKPOINT.md,100% verified,0 fixes required,All source unchanged
2026-08-27 01:00,CH-004,2026-08-27,7.4,7.4,START,Phase 7.4 Calibration Progress UI — moved to IN_PROGRESS,BACKLOG,IN_PROGRESS,HIGH,7.4-calibration-progress-ui,7.1-7.3 complete,-,-,-,Awaiting implementation
2026-08-28 00:00,CH-005,2026-08-28,7.4,7.4,REVIEW,Phase 7.4 Calibration Progress UI — implementation complete 24/24 tests passing,IN_PROGRESS,REVIEW,HIGH,calibration_progress.py + calibration_progress_widget.py,ruff/mypy clean,-,-,-,REPORT.md written
2026-08-28 00:00,CH-006,2026-08-28,7.4,7.4,DONE,Phase 7.4 review gate passed — removed PRECHECK stage, added 9 review-mandated tests, 33/33 passing,REVIEW,DONE,MEDIUM,calibration_progress_widget.py (PRECHECK removed) + test file (9 tests added),ruff/mypy/pytest clean,-,-,-,REPORT.md updated
2026-08-28 00:00,CH-007,2026-08-28,7.5,7.5,START,Phase 7.5 Pattern Presentation Integration — moved to IN_PROGRESS,BACKLOG,IN_PROGRESS,HIGH,N/A,-,-,-,-,Awaiting implementation
2026-08-28 00:00,CH-008,2026-08-28,7.5,7.5,REVIEW,Phase 7.5 implementation complete — 28/28 tests passing ruff/mypy clean,IN_PROGRESS,REVIEW,HIGH,pattern_presentation.py + qt.py + test_pattern_presentation.py,ruff/mypy/pytest clean,-,-,-,REPORT.md pending
2026-08-28 00:00,CH-009,2026-08-28,7.5,7.5,DONE,Phase 7.5 review gate passed — 15-gate audit all green,29/29 tests TimestampKind BEST_EFFORT resolution validation added,REVIEW,DONE,HIGH,pattern_presentation.py + qt.py + test_pattern_presentation.py,ruff/mypy/pytest clean,-,-,-,REPORT.md updated
2026-08-30 00:00,CH-010,2026-08-30,Phase 7,7.1-7.13,STATUS_UPDATE,Bulk status update: 7.1-7.13 marked DONE per user confirmation,BACKLOG,DONE,HIGH,7.14 integration phase,-,-,-,-,All Phase 7 subsystems completed
2026-08-30 00:00,CH-011,2026-08-30,7.14,7.14,START,Phase 7.14 end-to-end production calibration integration,BACKLOG,IN_PROGRESS,MEDIUM,7.14-end-to-end-integration,-,-,-,-,Integration of completed Phase 7 subsystems
2026-08-30 00:00,CH-012,2026-08-30,7.14,7.14,DONE,Phase 7.14 end-to-end integration audit complete — 378/378 tests pass, all handoffs verified,IN_PROGRESS,DONE,MEDIUM,.planning/phases/7.14-end-to-end-integration,-,-,-,-,REPORT.md written
2026-08-30 00:00,CH-013,2026-08-30,7.15,7.15,START,Phase 7.15 hardware validation — physical rig NOT AVAILABLE (HARDWARE_PENDING),BACKLOG,IN_PROGRESS,CRITICAL,7.15-hardware-validation,-,-,-,-,All gates HARDWARE_PENDING — no camera, no projector/display
2026-08-30 00:00,CH-014,2026-08-30,7.16,7.16,DONE,Phase 7.16 Wave 1 software verification complete — 1099 tests pass 0 fail ruff/mypy clean,IN_PROGRESS,REVIEW,HIGH,.planning/phases/7.16-final-software-verification,-,-,-,-,REPORT.md written Phase 7 blocked by 7.15 hardware
